query,docid,rating
bluetooth speaker,1993197,0
bluetooth speaker,78503000,1
bluetooth speaker,78502985,0
bluetooth speaker,560439,1
bluetooth speaker,653662,3
bluetooth speaker,682877,3
bluetooth speaker,1311816,
bluetooth speaker,465394,
bluetooth speaker,1311676,
bluetooth speaker,1311675,
bluetooth speaker,1368280,
bluetooth speaker,1352743,
bluetooth speaker,1905214,
bluetooth speaker,77264345,
bluetooth speaker,77264339,
bluetooth speaker,77264338,
bluetooth speaker,77502729,
bluetooth speaker,77151377,
bluetooth speaker,1709725,
bluetooth speaker,77031393,
bluetooth speaker,1893702,
bluetooth speaker,1854169,
bluetooth speaker,77681078,
bluetooth speaker,77696041,
bluetooth speaker,1710197,
bluetooth speaker,3696065,
bluetooth speaker,2058831,
bluetooth speaker,2170998,
bluetooth speaker,1350917,
bluetooth speaker,2053354,
bluetooth speaker,1240679,
bluetooth speaker,1794225,
bluetooth speaker,1960604,
bluetooth speaker,1576193,
bluetooth speaker,2977787,
bluetooth speaker,3334324,
bluetooth speaker,3542361,
bluetooth speaker,2047224,
bluetooth speaker,1710195,
bluetooth speaker,3521171,
surround sound speakers,478578,
surround sound speakers,130423,
surround sound speakers,356862,
phone case,3842754,
phone case,3428606,
phone case,3430648,
phone case,3429708,
phone case,3428483,
phone case,77500157,
phone case,77522648,
phone case,3924024,
phone case,77145616,
phone case,77941157,
phone case,77143743,
phone case,77941190,
phone case,77669843,
phone case,77941197,
phone case,77941209,
phone case,77657416,
phone case,77941207,
phone case,77944553,
phone case,77500156,
phone case,77669560,
phone case,3924007,
phone case,77941161,
phone case,77500858,
phone case,77941170,
phone case,77657686,
phone case,77667488,
phone case,78709240,
phone case,77499989,
phone case,77500058,
phone case,79524877,
phone case,77941218,
phone case,77455633,
phone case,77455632,
phone case,77657600,
phone case,77944554,
phone case,77941217,
phone case,79524888,
phone case,2394938,
phone case,77657559,
phone case,78709216,
garmin,1723896,
gps watch,77382335,
gps watch,79550421,
gps watch,78586548,
gps watch,78586712,
gps watch,78712152,
gps watch,78586644,
gps watch,79547855,
gps watch,79550429,
gps watch,77382280,
gps watch,77773285,
flat screen tv,2054249,
flat screen tv,94305,
flat screen tv,94328,
flat screen tv,94281,
flat screen tv,1621237,
flat screen tv,94329,
flat screen tv,94308,
flat screen tv,94327,
flat screen tv,463092,
flat screen tv,2157715,
flat screen tv,869707,
flat screen tv,164408,
flat screen tv,94284,
flat screen tv,114065,
flat screen tv,876256,
flat screen tv,3554480,
flat screen tv,338992,
flat screen tv,463091,
flat screen tv,457240,
flat screen tv,266107,
flat screen tv,94367,
flat screen tv,1610360,
flat screen tv,551048,
flat screen tv,3554481,
flat screen tv,1377220,
flat screen tv,4141301,
flat screen tv,4141300,
flat screen tv,457347,
flat screen tv,3591045,
flat screen tv,1315463,
flat screen tv,894578,
flat screen tv,338895,
flat screen tv,360193,
flat screen tv,94343,
flat screen tv,869728,
flat screen tv,894580,
flat screen tv,894579,
flat screen tv,94279,
flat screen tv,338956,
flat screen tv,94307,
nintendo,77487293,
nintendo,78332962,
nintendo,3932626,
nintendo,77192151,
nintendo,77192150,
xbox,77388652,
xbox,1128752,
xbox,77192150,
xbox,77192151,
computer,1645837,
computer,1596052,
computer,2152150,
computer,77524118,
computer,80033,
computer,799535,
computer,523407,
computer,1642362,
computer,124997,
computer,2702723,
computer,3637824,
computer,1601528,
computer,797865,
computer,3637972,
computer,1596054,
computer,635058,
computer,1231865,
computer,560475,
computer,560468,
computer,693954,
computer,643027,
computer,1659388,
computer,558751,
computer,1907230,
computer,2235620,
computer,680527,
computer,560471,
computer,693959,
computer,325926,
computer,1231771,
computer,532095,
computer,3432453,
computer,3432447,
computer,165389,
computer,1946149,
computer,2245785,
computer,1907231,
computer,77384911,
computer,3540371,
computer,1971842,
nintendo switch,77487293,
nintendo switch,78332962,
nintendo switch,77192151,
nintendo switch,77192150,
switch,458655,
switch,458647,
switch,77487293,
switch,78332962,
switch,1679331,
switch,1948453,
switch,1948452,
switch,4195377,
switch,136440,
switch,515655,
switch,886543,
switch,1754,
switch,1575,
switch,2133201,
switch,3882243,
switch,1401755,
switch,3527172,
switch,3045,
switch,635214,
switch,1775823,
switch,1261815,
switch,2126847,
switch,785000,
switch,1129020,
switch,111592,
switch,3849582,
switch,98429,
switch,52083,
switch,1644844,
switch,636411,
switch,1515629,
switch,1668462,
switch,3089481,
switch,1644843,
switch,3882200,
switch,78840687,
switch,3449712,
switch,4610255,
switch,1354812,
switch,1578796,
laptop bag,1751314,
laptop bag,3149234,
laptop bag,3149204,
laptop bag,4209420,
laptop bag,4548269,
laptop bag,4567982,
laptop bag,4509231,
laptop bag,3662408,
laptop bag,4548172,
gaming mouse,1929829,
gaming mouse,4706452,
gaming mouse,3660920,
gaming mouse,77195849,
gaming mouse,77195848,
gaming mouse,78801931,
gaming mouse,77476957,
gaming mouse,77192163,
gaming mouse,77192154,
gaming mouse,4703509,
gaming mouse,77192161,
gaming mouse,77192162,
gaming keyboard,77192158,
gaming keyboard,77192157,
gaming keyboard,77192160,
gaming keyboard,77023781,
headphones,620649,
headphones,788255,
headphones,4144170,
headphones,3961635,
headphones,1954005,
headphones,711306,
headphones,4144246,
headphones,3965621,
headphones,3961684,
headphones,463770,
headphones,2006079,
headphones,3961632,
headphones,4006114,
headphones,1715508,
headphones,3997951,
headphones,463772,
headphones,474731,
headphones,302412,
headphones,730102,
headphones,1348452,
headphones,1575934,
headphones,4006109,
headphones,302039,
headphones,1004745,
headphones,474729,
headphones,1232629,
headphones,474727,
headphones,3537426,
headphones,840072,
headphones,3537171,
headphones,4002977,
headphones,3961655,
headphones,302003,
headphones,3965623,
headphones,296137,
headphones,3954020,
headphones,325774,
headphones,474739,
headphones,301889,
headphones,302706,
headset,3422937,
headset,3425258,
headset,3468944,
headset,4141519,
headset,2090019,
headset,4206390,
headset,2118987,
headset,918867,
headset,1422331,
headset,4312695,
headset,3695608,
headset,3860659,
headset,77462820,
headset,1991051,
headset,4312696,
headset,1231794,
headset,1954005,
headset,880923,
headset,4204248,
headset,2286553,
headset,3663889,
headset,448154,
headset,4312698,
headset,2251818,
headset,448213,
headset,730102,
headset,325774,
headset,1578266,
headset,474727,
headset,474723,
headset,3933732,
headset,78805292,
headset,3954020,
headset,2006079,
headset,840072,
headset,77290418,
headset,77945630,
headset,77290363,
headset,77290103,
headset,77192150,
head set,77116237,
head set,77116120,
head set,77116247,
head set,134294,
phone charger,3663711,
phone charger,476138,
phone charger,462268,
phone charger,4597426,
phone charger,4606045,
phone charger,77756580,
phone charger,49754,
phone charger,78860414,
phone charger,560621,
phone charger,3993072,
laptop case,2007047,
laptop case,1751315,
laptop case,4065838,
laptop case,95726,
laptop case,1178340,
laptop case,3610690,
laptop case,3435308,
laptop case,3149246,
laptop case,3270236,
laptop case,3149237,
laptop case,3149243,
laptop case,267511,
laptop case,1751314,
laptop case,2112555,
laptop case,1178662,
laptop case,78107189,
laptop case,78107187,
laptop case,78107194,
laptop case,78107191,
laptop case,3671124,
laptop case,1690681,
laptop case,3671130,
laptop case,271529,
laptop case,3956922,
laptop case,3435832,
laptop case,128928,
laptop case,271526,
laptop case,4264352,
laptop case,802682,
laptop case,338047,
laptop case,1689465,
laptop case,112778,
laptop case,102456,
laptop case,2327769,
laptop case,91278,
laptop case,267513,
laptop case,4607401,
laptop case,802738,
laptop case,1319383,
laptop case,128942,
ipad,79552511,
ipad,4152840,
ipad,79525063,
ipad,4543373,
ipad,2002016,
ipad,77499005,
ipad,77311842,
ipad,78314562,
ipad,77311845,
ipad,78682441,
ipad,1004745,
ipad,77311852,
ipad,79165007,
ipad,77311851,
ipad,79332026,
ipad,4606045,
ipod,2674165,
ipod,4597411,
ipod,4606045,
ipod,3714768,
ipod,3842739,
ipod,3425529,
ipod,2048581,
ipod,3797306,
ipod,1715714,
ipod,1857711,
ipod,1715811,
ipod,2394938,
ipod,2048586,
ipod,3842745,
ipod,2048578,
ipod,3554351,
ipod,1739369,
ipod,3658055,
ipod,3591851,
ipod,3850764,
ipod,2394945,
ipod,3537784,
ipod,1313269,
ipod,3425526,
ipod,3782116,
ipod,3851149,
ipod,4597404,
ipod,3671879,
ipod,3782114,
ipod,4597426,
ipod,3924000,
ipod,3923996,
ipod,2119616,
ipod,3521026,
ipod,3924001,
ipod,3924008,
ipod,890353,
ipod,3879281,
ipod,3728860,
ipod,3521022,
tablet,77311842,
tablet,77311852,
tablet,49153,
tablet,77524118,
tablet,4142673,
tablet,1198614,
tablet,4016766,
tablet,77943598,
tablet,77311849,
tablet,77311840,
tablet,77498146,
tablet,293209,
tablet,351968,
tablet,537751,
tablet,77311830,
tablet,78478550,
tablet,77384911,
tablet,4567968,
tablet,79332026,
tablet,668217,
tablet,78314562,
tablet,77311832,
tablet,444354,
tablet,77744098,
tablet,4152840,
tablet,79525063,
tablet,4543373,
tablet,77118116,
tablet,77118115,
tablet,79251889,
tablet,77121108,
tablet,77311845,
tablet,79532241,
tablet,77121055,
tablet,77121056,
tablet,77311853,
tablet,77121057,
tablet,77120477,
tablet,77311851,
tablet,77118114,
keyboard,3596581,
keyboard,713720,
keyboard,698831,
keyboard,4151334,
keyboard,4151333,
keyboard,699025,
keyboard,698406,
keyboard,722847,
keyboard,1659892,
keyboard,1644179,
keyboard,698392,
keyboard,1644559,
keyboard,1659451,
keyboard,1644533,
keyboard,3108517,
keyboard,1644503,
keyboard,1645972,
keyboard,1511001,
keyboard,1856460,
keyboard,1754039,
keyboard,3640346,
keyboard,1938331,
keyboard,1748427,
keyboard,52379,
keyboard,1661481,
keyboard,48132,
keyboard,1811635,
keyboard,1862620,
keyboard,1097773,
keyboard,2164256,
keyboard,643243,
keyboard,1749064,
keyboard,917659,
keyboard,738438,
keyboard,695163,
keyboard,539590,
keyboard,3555889,
keyboard,3557655,
keyboard,788127,
keyboard,1655907,
printer,968446,
printer,968441,
printer,1484,
printer,968297,
printer,1839,
printer,2093253,
printer,2706389,
printer,859688,
printer,485687,
printer,3713205,
printer,61061,
printer,1749486,
printer,1749369,
printer,1591926,
printer,1749404,
printer,1749482,
printer,1749485,
printer,1749475,
printer,1749476,
printer,1749480,
printer,486839,
printer,1569761,
printer,798960,
printer,1428527,
printer,859549,
printer,3644086,
printer,1573679,
printer,1069151,
printer,842728,
printer,856279,
printer,710288,
printer,798966,
printer,798956,
printer,1579255,
printer,3850762,
printer,638937,
printer,3931238,
printer,19730,
printer,19733,
printer,19727,
laser printer,2706389,
laser printer,968441,
laser printer,3644086,
laser printer,481283,
laser printer,968297,
laser printer,1579255,
laser printer,968446,
laser printer,63621,
laser printer,718470,
laser printer,743104,
laser printer,643638,
laser printer,63619,
laser printer,137317,
laser printer,137111,
laser printer,137507,
laser printer,138481,
laser printer,137155,
laser printer,137246,
laser printer,137264,
laser printer,271637,
laser printer,137022,
laser printer,137550,
laser printer,362903,
laser printer,137274,
laser printer,137238,
laser printer,137604,
laser printer,363035,
laser printer,137295,
laser printer,4422442,
laser printer,830894,
laser printer,137498,
laser printer,137586,
laser printer,137644,
laser printer,718471,
laser printer,148049,
laser printer,148075,
laser printer,148110,
laser printer,148113,
laser printer,148073,
laser printer,148103,
radio,1232753,
radio,887870,
radio,2103213,
radio,2295451,
radio,2140321,
radio,887951,
radio,1989917,
radio,1634466,
radio,1634905,
radio,1627776,
radio,4194406,
radio,888025,
radio,2201448,
radio,2102770,
radio,315651,
radio,3414825,
radio,286736,
radio,356726,
radio,136310,
radio,79566642,
radio,79566641,
radio,79566643,
radio,900738,
radio,1285747,
radio,79566493,
radio,79566492,
radio,79566490,
radio,79566491,
radio,2151710,
radio,1449722,
radio,77971706,
radio,895598,
radio,1683709,
radio,2195404,
radio,1362903,
radio,2934924,
radio,4702632,
radio,895607,
radio,1366573,
radio,560621,
camera,3915694,
camera,136362,
camera,834093,
camera,1654983,
camera,65868,
camera,3803065,
camera,2707549,
camera,65877,
camera,1674299,
camera,1579710,
camera,1752499,
camera,111592,
camera,77519688,
camera,65691,
camera,68376,
camera,136518,
camera,1769342,
camera,65483,
camera,319199,
camera,429623,
camera,862402,
camera,3948024,
camera,267392,
camera,3648407,
camera,478898,
camera,1342502,
camera,478904,
camera,3612636,
camera,478901,
camera,478900,
camera,3612637,
camera,483770,
camera,478887,
camera,478885,
camera,637532,
camera,637531,
camera,818904,
camera,478893,
camera,3330453,
camera,478888,
digital camera,128467,
digital camera,452078,
digital camera,111592,
digital camera,77519688,
digital camera,429623,
digital camera,1993745,
digital camera,3663711,
digital camera,1198820,
digital camera,32975,
digital camera,3890198,
digital camera,3637461,
digital camera,30092,
digital camera,77385625,
digital camera,639356,
digital camera,299114,
digital camera,3915697,
digital camera,48964,
digital camera,54113,
digital camera,65901,
digital camera,3915693,
digital camera,4478236,
digital camera,3915696,
digital camera,136440,
digital camera,3879281,
digital camera,694410,
digital camera,515504,
digital camera,694405,
digital camera,3599203,
digital camera,33737,
digital camera,1303719,
digital camera,271228,
digital camera,1905214,
digital camera,1856965,
digital camera,333304,
digital camera,1710197,
digital camera,2977787,
digital camera,1200818,
tripod,429623,
tripod,3595842,
tripod,2081486,
tripod,288060,
tripod,866509,
tripod,3487163,
tripod,77519688,
camera case,3948024,
camera case,444962,
camera case,871112,
camera case,1961102,
camera case,1973340,
camera case,4146868,
camera case,3970592,
camera case,2707550,
camera case,2707551,
camera case,4146871,
camera case,542066,
camera case,3551126,
camera case,3892861,
camera case,2707549,
camera case,444953,
camera case,271228,
camera case,1198820,
camera case,444969,
camera case,4146874,
camera case,4146873,
camera case,4146872,
camera case,4146875,
camera case,1717900,
camera case,2707548,
camera case,4210159,
camera case,3957040,
camera bag,3948024,
camera bag,1225792,
camera bag,4146875,
camera bag,4146874,
camera bag,4146873,
camera bag,4146872,
camera bag,2707548,
camera bag,3957040,
pro controller,1079800,
pro controller,882641,
pro controller,1413504,
pro controller,514486,
pro controller,1413508,
pro controller,3849589,
pro controller,79583170,
pro controller,4480385,
pro controller,4564839,
pro controller,1365575,
pro controller,1458233,
pro controller,1459095,
pro controller,1459030,
pro controller,2149675,
pro controller,2159406,
pro controller,1365857,
pro controller,1456962,
pro controller,1459091,
pro controller,1277679,
video camera,1674299,
video camera,2063624,
video camera,3595945,
video camera,2707548,
video camera,292836,
video camera,1616649,
video camera,30092,
video camera,1531597,
video camera,4075776,
video camera,452078,
video camera,653662,
video camera,3843836,
video camera,1960604,
video camera,1993294,
light board,78533616,
android tablet,78839328,
android tablet,78274585,
android tablet,77125863,
android tablet,77106974,
android tablet,79039939,
android tablet,79039940,
android tablet,1678437,
android tablet,79042320,
android tablet,79042322,
android tablet,78463182,
apple,3325453,
apple,77499005,
apple,1857711,
apple,3923980,
apple,78314562,
apple,78314291,
apple,78860414,
apple,3782112,
apple,49207,
apple,389611,
apple,447096,
apple,4543373,
apple,2021713,
apple,1587188,
apple,1587196,
apple,648280,
apple,3842754,
apple,3149212,
apple,3728860,
apple,3924024,
apple,79524888,
apple,77019324,
apple,3671879,
apple,1659023,
apple,78682441,
apple,78709234,
apple,2103368,
apple,3931197,
apple,79525063,
apple,3924007,
apple,77019323,
apple,3924001,
apple,3924008,
apple,3782114,
apple,1521975,
apple,3782116,
apple,3924000,
apple,79552511,
apple,3923996,
apple,618383,
google,78709240,
google,78709216,
google,78709234,
google,78709243,
google,79353304,
google,79353305,
google,79353306,
google,79283756,
google,79283755,
google,78532457,
google,79039940,
google,79039939,
google,78366292,
google,79042322,
google,79042320,
google,77386451,
google,77386492,
google,79284190,
google,77351607,
google,79283963,
google,77386468,
google,77386454,
google,77386495,
google,77386450,
google,77945888,
google,77945897,
google,78296458,
google,77657483,
google,77699543,
google,78366223,
google,78463182,
google,78297044,
google,78463495,
google,77125937,
google,78828029,
google,77218000,
google,77218014,
google,77125935,
google,77218013,
google,77125940,
microsoft surface,77384911,
microsoft surface,79532241,
microsoft surface,77744098,
microsoft surface,77029962,
microsoft surface,44596,
microsoft surface,2992178,
microsoft surface,367406,
desktop,1365646,
desktop,1595949,
desktop,1746703,
desktop,1238683,
desktop,1749211,
desktop,1969976,
desktop,3094688,
desktop,1617747,
desktop,1566182,
desktop,1318095,
desktop,1984289,
desktop,3791525,
desktop,1597547,
desktop,1588507,
desktop,3996688,
desktop,1618361,
desktop,1656399,
desktop,1618360,
desktop,1617715,
desktop,866978,
desktop,3950718,
desktop,3966580,
desktop,1593563,
desktop,1651832,
desktop,1638181,
desktop,881272,
desktop,881271,
desktop,77386682,
desktop,3458217,
desktop,1668462,
desktop,3449712,
desktop,79344196,
desktop,70072,
desktop,1012278,
desktop,3890675,
desktop,1675263,
desktop,1578707,
desktop,1309592,
desktop,1012656,
desktop,1675262,
laptop,1229111,
laptop,2060476,
laptop,77026839,
laptop,77311847,
laptop,77026550,
laptop,1229110,
laptop,1599521,
laptop,77311846,
laptop,77311839,
laptop,1229109,
laptop,1229118,
laptop,1229120,
laptop,77026530,
laptop,1225502,
laptop,1229130,
laptop,1229119,
laptop,1751314,
laptop,619398,
laptop,2659461,
laptop,3956922,
laptop,2007047,
laptop,128957,
laptop,1751315,
laptop,4065838,
laptop,254830,
laptop,1952726,
laptop,1418540,
laptop,95726,
laptop,1178340,
laptop,3332203,
laptop,3270236,
laptop,3435308,
laptop,2112555,
laptop,13166,
laptop,1600501,
laptop,1418539,
laptop,1178662,
laptop,3024623,
laptop,799525,
laptop,4607401,
monitor,279845,
monitor,1418543,
monitor,1645837,
monitor,1596052,
monitor,1418544,
monitor,80033,
monitor,1675210,
monitor,1596054,
monitor,1675262,
monitor,1123193,
monitor,1601528,
monitor,1675208,
monitor,546576,
monitor,77756842,
monitor,77756860,
monitor,77756864,
monitor,165389,
monitor,1946149,
monitor,1579788,
monitor,1594900,
monitor,1229108,
monitor,321250,
monitor,1123327,
monitor,79583167,
monitor,1675263,
monitor,1178423,
monitor,2156087,
monitor,693612,
monitor,265193,
monitor,78835533,
monitor,653682,
monitor,1123216,
monitor,274686,
monitor,1974114,
monitor,4543378,
monitor,2064866,
monitor,2262553,
monitor,78835534,
monitor,78835540,
monitor,78835532,
dell,1644787,
dell,4015202,
dell,487908,
dell,1433168,
dell,267183,
dell,1647933,
dell,1521978,
dell,436465,
dell,558489,
dell,558484,
dell,2154504,
dell,1647931,
dell,3557719,
dell,1379868,
dell,1432814,
dell,3934012,
dell,4482296,
dell,674261,
dell,1644533,
dell,1644179,
dell,3108517,
dell,1644503,
dell,1645972,
dell,282313,
dell,3332166,
dell,3332167,
dell,1754039,
dell,1856460,
dell,1644559,
dell,3332162,
dell,674258,
dell,1380169,
dell,674259,
dell,3332163,
dell,3332152,
dell,3332154,
dell,3640346,
dell,1380147,
dell,1675743,
dell,1938331,
projector,96914,
projector,122851,
projector,130956,
projector,490523,
projector,885474,
projector,1569583,
projector,77190520,
projector,2131521,
projector,503708,
projector,503707,
projector,921134,
projector,806824,
projector,323547,
projector,921184,
projector,2131344,
projector,2270643,
projector,3948363,
projector,2164557,
projector,641625,
projector,551512,
projector,1610362,
projector,3554483,
projector,921131,
projector,867961,
projector,77217598,
projector,1069226,
projector,21602402,
projector,1436276,
projector,49058,
projector,1436277,
projector,77217599,
projector,926727,
projector,3554482,
projector,1610361,
projector,359969,
projector,114061,
projector,921117,
projector,1436278,
projector,641627,
projector,355319,
hdmi cable,516091,
hdmi cable,694080,
hdmi cable,3866552,
hdmi cable,2063438,
hdmi cable,3954028,
hdmi cable,1661677,
hdmi cable,694081,
hdmi cable,2102398,
hdmi cable,1667672,
hdmi cable,618062,
hdmi cable,2104350,
hdmi cable,618060,
hdmi cable,4198208,
hdmi cable,3526020,
hdmi cable,3480669,
hdmi cable,1413486,
hdmi cable,3537786,
hdmi cable,515947,
hdmi cable,3537778,
hdmi cable,3961661,
hdmi cable,3537780,
hdmi cable,4148041,
hdmi cable,4148055,
hdmi cable,4148057,
hdmi cable,2681759,
hdmi cable,887632,
hdmi cable,888121,
hdmi cable,4148043,
hdmi cable,4148046,
hdmi cable,2273700,
hdmi cable,4703499,
hdmi cable,1261787,
hdmi cable,3965814,
hdmi cable,4147994,
hdmi cable,3634463,
hdmi cable,1660583,
hdmi cable,77993199,
hdmi cable,1661690,
hdmi cable,621529,
hdmi cable,2103305,
mouse pad,1405078,
mouse pad,282385,
mouse pad,332371,
mouse pad,75974,
mouse pad,77195849,
mouse pad,713303,
mouse pad,627965,
mouse pad,77913943,
mouse pad,713302,
mouse pad,77476957,
mouse pad,4548189,
mouse pad,274090,
mouse pad,77191879,
gaming mouse pad,77195849,
gaming mouse pad,77476957,
lenovo,558352,
lenovo,458389,
lenovo,343385,
lenovo,487968,
lenovo,695844,
lenovo,1433295,
lenovo,3555972,
lenovo,1432805,
lenovo,668217,
lenovo,1438747,
lenovo,1656378,
lenovo,475636,
lenovo,443862,
lenovo,546313,
lenovo,78263608,
lenovo,3957628,
lenovo,1656379,
lenovo,77640932,
lenovo,73220,
lenovo,565213,
lenovo,596501,
lenovo,900518,
lenovo,900520,
lenovo,1600501,
lenovo,2002017,
lenovo,874988,
lenovo,4005362,
lenovo,3542878,
lenovo,78583522,
lenovo,3520155,
lenovo,77505435,
lenovo,77867553,
lenovo,1686927,
lenovo,369714,
lenovo,1850490,
lenovo,490202,
lenovo,3929210,
lenovo,771103,
lenovo,4014558,
lenovo,342286,
touchscreen computer,1856965,
touchscreen computer,1439010,
touchscreen computer,1439009,
projector screen,1069226,
projector screen,47471,
microsoft office,832540,
microsoft office,1905214,
microsoft office,2675001,
microsoft office,3716012,
microsoft office,78131131,
microsoft office,1459095,
microsoft office,1459030,
microsoft office,1458233,
microsoft office,3155116,
microsoft office,78274314,
microsoft office,4564839,
microsoft office,4480385,
microsoft office,1365857,
microsoft office,78334595,
microsoft office,77264338,
microsoft office,77264339,
microsoft office,78432604,
microsoft office,78274528,
microsoft office,77151377,
microsoft office,78491212,
microsoft office,78581548,
microsoft office,1198707,
microsoft office,2159406,
microsoft office,2060356,
microsoft office,511954,
microsoft office,77031393,
microsoft office,77681078,
microsoft office,1456962,
microsoft office,35831,
microsoft office,1277679,
microsoft office,3902727,
microsoft office,4005255,
microsoft office,1730123,
microsoft office,3902602,
microsoft office,3902597,
microsoft office,3899559,
microsoft office,3902497,
microsoft office,3902496,
microsoft office,1439010,
microsoft office,1439009,
netflix,77383738,
netflix,77502729,
netflix,77151377,
netflix,77031393,
netflix,78106266,
youtube,4312153,
youtube,77383738,
youtube,79039940,
youtube,79039939,
youtube,79353305,
youtube,79042322,
youtube,79042320,
youtube,79353306,
youtube,79283756,
youtube,79283755,
youtube,77125937,
youtube,77218000,
youtube,77218014,
youtube,77125935,
youtube,77218013,
youtube,77125940,
youtube,77218012,
scanner,1849606,
scanner,562617,
scanner,4312860,
scanner,367406,
scanner,561902,
scanner,301232,
scanner,2992178,
scanner,4703730,
scanner,818534,
scanner,299144,
scanner,3485967,
scanner,1200023,
scanner,453984,
scanner,1618036,
scanner,543886,
scanner,695828,
scanner,874900,
scanner,1645584,
scanner,320381,
scanner,1617492,
scanner,1314224,
scanner,1648816,
scanner,3998643,
scanner,3887824,
scanner,3887823,
scanner,543973,
scanner,2387031,
scanner,3605125,
scanner,483284,
scanner,134285,
scanner,1956165,
scanner,1691487,
scanner,816530,
scanner,49586,
scanner,559125,
scanner,77525691,
scanner,78337473,
scanner,2154135,
scanner,1356704,
scanner,4312148,
cd drive,45142,
cd drive,639945,
cd drive,2151978,
cd drive,2098202,
cd drive,849960,
cd drive,55548,
cd drive,2214965,
cd drive,87049,
cd drive,4234631,
cd drive,3639915,
cd drive,1627829,
cd drive,3597337,
cd drive,2215156,
cd drive,4702632,
cd drive,4597411,
cd drive,1595942,
cd drive,327868,
cd drive,128835,
cd drive,644409,
cd drive,2789471,
cd drive,2789472,
cd drive,2663242,
cd drive,362187,
cd drive,2704878,
cd drive,2196479,
cd drive,282291,
cd drive,831063,
cd drive,513200,
cd drive,572298,
cd drive,513824,
cd drive,2152747,
cd drive,1584762,
cd drive,2399355,
cd drive,2389941,
cd drive,274395,
cd drive,560621,
cd drive,3428257,
cd drive,902132,
cd drive,1950016,
cd drive,2138780,
external dvd drive,4141496,
external dvd drive,4543444,
external dvd drive,2098202,
external dvd drive,2151978,
external dvd drive,265163,
external dvd drive,265165,
external dvd drive,1960612,
external dvd drive,1371407,
external dvd drive,3899555,
external dvd drive,1710195,
external dvd drive,1865389,
external dvd drive,2170998,
external dvd drive,1589843,
external dvd drive,1729869,
external dvd drive,1716100,
external dvd drive,2047195,
external dvd drive,1983720,
external dvd drive,4195127,
external dvd drive,2403283,
external dvd drive,1960628,
external dvd drive,1606348,
external dvd drive,3081266,
external dvd drive,1962799,
external dvd drive,2060356,
external dvd drive,3334324,
external dvd drive,1772835,
external dvd drive,1380567,
external dvd drive,1365575,
external dvd drive,1611760,
external dvd drive,3788923,
external dvd drive,3155116,
external dvd drive,3307774,
external dvd drive,4195115,
external dvd drive,4480385,
external dvd drive,4564839,
external dvd drive,1794225,
external dvd drive,1709725,
external dvd drive,4012094,
external dvd drive,3899921,
external dvd drive,2059691,
external cd drive,2098202,
external cd drive,2151978,
external cd drive,2400653,
external cd drive,557172,
external cd drive,1459681,
external cd drive,3475135,
external cd drive,1985114,
external cd drive,517033,
external cd drive,513837,
external cd drive,1200659,
external cd drive,3796068,
cd player,314685,
cd player,77971706,
cd player,77971816,
cd player,2115567,
cd player,2103797,
cd player,3772247,
cd player,1999975,
cd player,849458,
cd player,2052887,
cd player,2050543,
cd player,2119018,
cd player,4262123,
cd player,4500462,
cd player,740619,
cd player,1645842,
cd player,1761368,
cd player,514475,
cd player,1999202,
cd player,1633968,
cd player,3671890,
cd player,461593,
cd player,3879411,
cd player,327865,
cd player,327868,
cd player,2196479,
cd player,327877,
cd player,1368250,
cd player,451692,
cd player,1609895,
cd player,254180,
cd player,883874,
cd player,362187,
cd player,4702632,
cd player,861868,
cd player,450558,
cd player,837120,
cd player,3915646,
cd player,916496,
dvd player,2052887,
dvd player,3755243,
dvd player,2119605,
dvd player,887153,
dvd player,1999202,
dvd player,1999975,
dvd player,461593,
dvd player,3772247,
dvd player,2119018,
dvd player,1230508,
dvd player,730105,
dvd player,2103698,
dvd player,1645842,
dvd player,1998580,
dvd player,740619,
dvd player,327877,
dvd player,452449,
dvd player,2103057,
dvd player,2103140,
dvd player,884064,
dvd player,1609895,
dvd player,4500462,
dvd player,1761368,
dvd player,4234635,
dvd player,1270801,
dvd player,1368250,
dvd player,3794551,
dvd player,3794554,
dvd player,3660683,
dvd player,3307661,
dvd player,3794549,
dvd player,3554485,
dvd player,1633968,
dvd player,3671889,
dvd player,3842755,
dvd player,3860673,
dvd player,3915822,
dvd player,3554514,
dvd player,3891942,
dvd player,327865,
ipad stand,4152840,
ipad stand,77311842,
ipad stand,77311852,
phone stand,77943598,
phone stand,1794561,
phone stand,1633945,
phone stand,1252834,
laptop stand,3332203,
laptop stand,4152840,
laptop stand,268427,
laptop stand,2274095,
laptop stand,1263337,
laptop stand,1681287,
laptop stand,278328,
laptop stand,1233713,
laptop stand,268426,
laptop stand,4547381,
computer desk,4700313,
computer desk,4702156,
computer desk,4702155,
computer desk,4699150,
computer desk,79583167,
computer desk,511954,
fan,3772112,
fan,3874940,
fan,4273767,
fan,3414353,
fan,1642362,
fan,560475,
fan,560468,
fan,532095,
fan,560470,
fan,554503,
fan,681574,
fan,560471,
fan,680528,
fan,693956,
fan,694401,
fan,693954,
fan,1747822,
fan,1129416,
fan,1413560,
fan,1681088,
fan,1970134,
fan,50053,
fan,693965,
fan,693964,
fan,2152150,
fan,859887,
fan,1399930,
fan,799535,
fan,1829354,
fan,1430653,
fan,1399818,
fan,2702723,
fan,859883,
fan,2332282,
fan,1114038,
fan,2166511,
fan,2166512,
fan,2047124,
fan,1853357,
fan,2332361,
computer fan,1642362,
computer fan,2152150,
computer fan,560475,
computer fan,560468,
computer fan,532095,
computer fan,560471,
computer fan,693954,
computer fan,799535,
computer fan,3874940,
computer fan,560470,
computer fan,693956,
computer fan,3772112,
computer fan,2702723,
computer fan,554503,
computer fan,680528,
computer fan,681574,
computer fan,558751,
computer fan,643027,
computer fan,693959,
computer fan,3432447,
computer fan,3432453,
computer fan,560469,
computer fan,1413560,
computer fan,50053,
computer fan,1747822,
computer fan,3540371,
computer fan,1971842,
computer fan,859887,
computer fan,4560391,
computer fan,1129416,
computer fan,1681088,
computer fan,79065981,
computer fan,2936797,
computer fan,3637972,
computer fan,1970134,
computer fan,680527,
computer fan,77388707,
computer fan,77388715,
computer fan,77680447,
computer fan,3540370,
usb gadget,3432904,
usb hub,560498,
usb hub,77816688,
usb hub,634817,
usb hub,1659382,
usb hub,2684109,
usb hub,1129024,
usb hub,1551343,
usb hub,880476,
usb hub,3656528,
usb hub,2330243,
usb hub,619447,
usb hub,3932332,
usb hub,1960292,
usb hub,3658204,
usb hub,1263337,
usb hub,4195379,
usb hub,1723748,
usb hub,77946416,
usb hub,506495,
usb hub,2274485,
usb hub,506499,
usb hub,1129028,
usb hub,3695450,
usb hub,3898650,
usb hub,1413490,
usb hub,1382096,
usb hub,1413526,
usb hub,1261805,
usb hub,3932333,
usb hub,1129038,
usb hub,3849598,
usb hub,4195386,
usb hub,3849582,
usb hub,2251273,
usb hub,1413489,
usb hub,2320988,
usb hub,882633,
usb hub,1678428,
usb hub,2323954,
usb hub,802994,
usb fan,4674069,
usb fan,799525,
usb fan,79070558,
usb fan,78533616,
usb fan,78364219,
usb fan,79325235,
usb fan,3556299,
usb fan,1233740,
usb fan,3556300,
usb fan,1387993,
usb fan,4480385,
usb fan,1962799,
usb fan,4564839,
usb fan,1606348,
usb fan,1960628,
usb fan,1365575,
usb fan,1730123,
usb fan,1459091,
usb fan,2060356,
usb fan,1277679,
usb fan,3902597,
usb fan,3899559,
usb fan,2159406,
usb fan,1365857,
usb fan,3902497,
usb fan,3902496,
usb fan,3902602,
lamp,1224643,
lamp,990496,
lamp,53508,
lamp,111968,
lamp,111967,
lamp,111965,
lamp,361632,
lamp,30096,
lamp,1631517,
lamp,3716748,
lamp,96416,
lamp,3850463,
lamp,49476,
lamp,509032,
lamp,506775,
lamp,78621,
lamp,3716747,
lamp,29985,
lamp,29984,
lamp,1325441,
lamp,86809,
lamp,3030643,
lamp,111969,
lamp,67580,
lamp,30157,
lamp,97411,
lamp,122985,
lamp,3969497,
lamp,1325442,
lamp,490523,
lamp,885474,
lamp,63292,
lamp,637674,
lamp,1248380,
lamp,3718265,
lamp,1248383,
lamp,350131,
lamp,562857,
lamp,562888,
lamp,680470,
flashlight,888313,
flashlight,887613,
flashlight,888257,
night light,77266033,
night light,77266023,
night light,77266022,
night light,77809670,
night light,77804979,
night light,77804978,
night light,77266027,
night light,4564776,
night light,4609666,
external battery,3797119,
external battery,77971706,
external battery,810275,
external battery,1929997,
external battery,1929918,
external battery,656406,
external battery,656408,
external battery,1668381,
external battery,2497671,
external battery,2879955,
external battery,2273712,
external battery,2273715,
external battery,297485,
external battery,4251518,
external battery,1668405,
external battery,2273706,
external battery,1240679,
external battery,1350917,
external battery,2047224,
external battery,1710197,
external battery,3788923,
external battery,2403283,
external battery,2047195,
external battery,1983720,
external battery,1716100,
external battery,1710195,
external battery,3521171,
external battery,1865389,
external battery,1250837,
external battery,1576193,
external battery,560348,
external battery,4195127,
external battery,4547381,
external battery,3442775,
external battery,1953427,
external battery,3802249,
external battery,3923954,
external battery,1993294,
external battery,1654815,
external battery,1893702,
usb battery,643264,
usb battery,78502985,
usb battery,78503000,
usb battery,77385625,
usb battery,79513810,
usb battery,79513819,
usb battery,3879281,
usb battery,78314303,
usb battery,2152747,
usb battery,1938384,
usb battery,1751593,
usb battery,1794466,
usb battery,77192161,
usb battery,77192162,
usb battery,2274097,
usb battery,4148063,
usb battery,77500501,
usb battery,79513901,
usb battery,3944571,
usb battery,3281,
usb battery,3280,
usb battery,3943888,
usb battery,3941870,
usb battery,77573513,
usb battery,77631910,
usb battery,77679919,
usb battery,2096357,
usb battery,101841,
usb battery,1749095,
usb battery,37981,
usb battery,77190520,
usb battery,77699539,
usb battery,37156,
usb battery,2274405,
usb battery,1380563,
usb battery,123294,
usb battery,3695698,
usb battery,598159,
usb battery,4066911,
usb battery,3788923,
batteries,3915696,
batteries,3915693,
batteries,3915697,
batteries,4478236,
batteries,136833,
batteries,4152634,
batteries,345130,
batteries,1691482,
batteries,483714,
batteries,1313042,
batteries,849990,
batteries,483713,
batteries,542124,
batteries,44057,
batteries,635059,
batteries,3798393,
batteries,701048,
batteries,483715,
batteries,1709653,
batteries,1312261,
batteries,1231838,
batteries,1691484,
batteries,483712,
batteries,78654723,
batteries,319702,
batteries,2149227,
batteries,77118766,
batteries,780160,
batteries,595530,
batteries,4560851,
batteries,3915694,
batteries,4141495,
batteries,78273600,
batteries,32975,
batteries,636485,
batteries,1287745,
batteries,778556,
batteries,483781,
batteries,3957628,
batteries,1972112,
aa,778555,
aa,2149157,
aa,3426898,
aa,621256,
aa,887509,
aa,2196500,
aa,388565,
aa,3538940,
aa,3961630,
aa,3842027,
aa,3841899,
aa,617741,
aa,3802066,
aa,3988393,
aa,1763481,
aa,3711478,
aa,4195507,
aa,77943846,
aa,3948624,
aa,834090,
aa,620309,
aa,617960,
aa,617346,
aa,77191125,
aa,2103629,
aa,1311589,
aa,3802078,
aa,860017,
aa,866476,
aa,77674244,
aa,3584047,
aa,77116247,
aa,3711476,
aa,4000503,
aa,77636551,
aa,480649,
aa,777309,
aa,1979174,
aa,3777020,
aa,777314,
aaa,778554,
aaa,119705,
aaa,3426897,
aaa,3803072,
aaa,3803073,
aaa,1941848,
aaa,3956764,
aaa,1763482,
aaa,68066,
aaa,3842043,
aaa,887577,
aaa,715179,
aaa,3802067,
aaa,3536870,
aaa,886874,
aaa,887602,
aaa,799049,
aaa,3551735,
aaa,2103391,
aaa,884232,
aaa,4151320,
aaa,77118133,
aaa,3417868,
aaa,77774064,
aaa,77499011,
aaa,79040050,
aaa,3551734,
aaa,79040051,
aaa,884303,
aaa,77311706,
aaa,1363908,
aaa,77126227,
aaa,77126516,
aaa,3521018,
aaa,4076675,
aaa,1979233,
aaa,3954020,
aaa,4080453,
aaa,77699539,
aaa,77938767,
aa battery,778555,
aa battery,2149157,
aa battery,3426898,
aa battery,887509,
aa battery,388565,
aa battery,3538940,
aa battery,3842027,
aa battery,3841899,
aa battery,3961630,
aa battery,2196500,
aa battery,1763481,
aa battery,3802078,
aa battery,4195507,
aa battery,2103629,
aa battery,3948624,
aa battery,77674244,
aa battery,3802066,
aa battery,834090,
aa battery,777309,
aa battery,777314,
aa battery,1361208,
aa battery,1973307,
aa battery,77971816,
aa battery,77938791,
aa battery,454186,
aa battery,359562,
aa battery,77636551,
aa battery,1377612,
aa battery,834089,
aa battery,1596737,
aa battery,78801931,
aa battery,1751593,
aa battery,77385625,
aa battery,78273582,
aa battery,78273593,
aa battery,4148063,
aa battery,1724642,
aa battery,77679917,
aa battery,78827894,
aa battery,77573513,
d battery,778557,
d battery,388777,
d battery,78535599,
d battery,3434202,
d battery,1362903,
d battery,447603,
d battery,1231346,
d battery,315651,
d battery,79552511,
d battery,77809730,
d battery,690817,
d battery,1794464,
rechargeable batteries,454186,
rechargeable batteries,344084,
rechargeable batteries,3538940,
rechargeable batteries,3426898,
rechargeable batteries,3434202,
rechargeable batteries,3426897,
rechargeable batteries,68066,
rechargeable batteries,359562,
rechargeable batteries,887509,
rechargeable batteries,726991,
rechargeable batteries,77674244,
rechargeable batteries,715179,
rechargeable batteries,3956764,
rechargeable batteries,3948624,
rechargeable batteries,3961630,
rechargeable batteries,489668,
rechargeable batteries,2196500,
rechargeable batteries,777309,
rechargeable batteries,779929,
rechargeable batteries,777313,
rechargeable batteries,777314,
rechargeable batteries,3803073,
rechargeable batteries,887602,
rechargeable batteries,3803072,
rechargeable batteries,351254,
rechargeable batteries,1937881,
rechargeable batteries,2103391,
rechargeable batteries,1225124,
rechargeable batteries,2102249,
rechargeable batteries,917772,
rechargeable batteries,4151812,
rechargeable batteries,1979202,
rechargeable batteries,1979205,
rechargeable batteries,128103,
rechargeable batteries,1225123,
rechargeable batteries,3467452,
rechargeable batteries,916852,
rechargeable batteries,3537773,
rechargeable batteries,1447801,
rechargeable batteries,1642056,
calculator,3882227,
calculator,4467385,
calculator,1794464,
calculator,3882222,
calculator,1973809,
calculator,1794466,
calculator,1794461,
calculator,799050,
calculator,3885214,
calculator,1794468,
calculator,1794458,
calculator,1553861,
calculator,799049,
calculator,159784,
calculator,3897328,
calculator,3459187,
calculator,4206396,
calculator,733443,
calculator,1973307,
calculator,713677,
calculator,379091,
calculator,1794471,
calculator,1200012,
calculator,1972112,
calculator,858788,
calculator,1794472,
calculator,1903687,
calculator,2100069,
calculator,1974091,
calculator,1794469,
calculator,4080453,
calculator,1596737,
calculator,2100070,
calculator,2162881,
calculator,1658040,
calculator,1642439,
calculator,3985686,
calculator,3515613,
calculator,2173903,
calculator,2934924,
phone cord,1667121,
phone cord,1667165,
phone cord,1667156,
phone cord,1667166,
phone cord,1667154,
extension cords,3488029,
extension cords,566490,
extension cords,3488026,
extension cords,3488028,
extension cords,3488009,
extension cords,2362153,
extension cords,2121314,
extension cords,2120916,
extension cords,2121055,
extension cords,2120914,
extension cords,2596950,
extension cords,2121313,
extension cords,2121279,
extension cords,2599286,
extension cords,2596945,
extension cords,2473330,
extension cords,2362154,
extension cords,523407,
extension cords,2596948,
extension cords,2599256,
extension cords,1128898,
extension cords,2126477,
extension cords,1659882,
extension cords,2048070,
extension cords,2121312,
extension cords,2121284,
extension cords,2599263,
extension cords,2274124,
extension cords,2873686,
extension cords,2274117,
extension cords,4066575,
extension cords,2274106,
extension cords,2274113,
extension cords,2274107,
extension cords,2274123,
extension cords,2274118,
extension cords,2371157,
extension cords,2867930,
extension cords,2274122,
extension cords,2873643,
adapter,79118100,
adapter,79118430,
adapter,65901,
adapter,1659451,
adapter,1661666,
adapter,1661600,
adapter,7607,
adapter,1659685,
adapter,1691527,
adapter,2077581,
adapter,572460,
adapter,3161853,
adapter,919774,
adapter,458875,
adapter,590195,
adapter,71551,
adapter,360266,
adapter,3520853,
adapter,3521060,
adapter,55625,
adapter,3520891,
adapter,1265101,
adapter,1652172,
adapter,2659461,
adapter,773301,
adapter,546313,
adapter,2060476,
adapter,1070719,
adapter,3998643,
adapter,1200356,
adapter,101162,
adapter,18334,
adapter,101161,
adapter,3237181,
adapter,106337,
adapter,55627,
adapter,4235017,
adapter,2163370,
adapter,2400505,
adapter,516184,
docking station,4202482,
docking station,1973718,
docking station,444992,
docking station,3947084,
docking station,49153,
docking station,4508177,
docking station,3867032,
docking station,78602606,
docking station,3867068,
docking station,2304022,
docking station,1608305,
docking station,1648202,
docking station,1200099,
docking station,1726663,
docking station,2097451,
docking station,1627825,
docking station,1627805,
docking station,1627826,
docking station,1627841,
docking station,1627804,
docking station,788096,
docking station,475332,
docking station,4195387,
docking station,3432522,
docking station,77384911,
docking station,1233713,
docking station,4298612,
docking station,77025435,
docking station,4018906,
docking station,2337713,
docking station,3877857,
docking station,77195551,
docking station,77546043,
docking station,3943252,
docking station,78861894,
docking station,79251889,
docking station,78339721,
docking station,560348,
docking station,77943576,
docking station,1688569,
memory card,3336906,
memory card,128125,
memory card,4548300,
memory card,487291,
memory card,2276185,
memory card,50102,
memory card,1625640,
memory card,1993435,
memory card,2276292,
memory card,2276269,
memory card,39775,
memory card,2732725,
memory card,2824191,
memory card,2276285,
memory card,3962125,
memory card,1128677,
memory card,3802022,
memory card,3802021,
memory card,2276295,
memory card,50103,
memory card,479956,
memory card,1862776,
memory card,897853,
memory card,849992,
memory card,674645,
memory card,69159,
memory card,3956580,
memory card,3955388,
memory card,1426432,
memory card,4197095,
memory card,2096452,
memory card,1860992,
memory card,56455,
memory card,1578905,
memory card,1646390,
memory card,4018698,
memory card,1692096,
memory card,124981,
memory card,3325740,
memory card,3962614,
memory stick,39775,
memory stick,128125,
memory stick,4548300,
memory stick,1426432,
memory stick,479956,
memory stick,69159,
memory stick,277594,
memory stick,3703952,
memory stick,1671748,
memory stick,3663756,
memory stick,3711926,
memory stick,1993435,
memory stick,1606923,
memory stick,674645,
memory stick,484205,
memory stick,1632291,
memory stick,2096452,
memory stick,2122899,
memory stick,2938457,
memory stick,1794559,
memory stick,2047011,
memory stick,1794560,
memory stick,3916146,
memory stick,1993745,
memory stick,4000059,
memory stick,1978440,
memory stick,3927252,
memory stick,1459528,
memory stick,3937994,
memory stick,52815,
memory stick,74433,
memory stick,3947232,
memory stick,1525396,
memory stick,2101957,
memory stick,52814,
memory stick,3551896,
memory stick,4012092,
memory stick,2102741,
memory stick,1278057,
memory stick,3511343,
usb stick,128125,
usb stick,1426432,
usb stick,3703952,
usb stick,3663756,
usb stick,1671748,
usb stick,3711926,
usb stick,4548300,
usb stick,1606923,
usb stick,1993435,
usb stick,77947786,
usb stick,2096452,
usb stick,2122899,
usb stick,1794559,
usb stick,2047011,
usb stick,1794560,
usb stick,3916146,
usb stick,1459528,
usb stick,74433,
usb stick,1993745,
usb stick,1978440,
usb stick,4012092,
usb stick,1525396,
usb stick,2102741,
usb stick,2102692,
usb stick,1438988,
usb stick,2103864,
usb stick,1278057,
usb stick,3511343,
usb stick,2105402,
usb stick,584384,
usb stick,584387,
usb stick,3796066,
usb stick,2004869,
usb stick,560348,
usb stick,1968742,
usb stick,1240679,
usb stick,1350917,
stylus,20750,
stylus,937166,
stylus,3494073,
stylus,1206417,
stylus,1229461,
stylus,874477,
stylus,20649,
stylus,873484,
stylus,24458,
stylus,895820,
stylus,20872,
stylus,20871,
stylus,873518,
stylus,895633,
stylus,895819,
stylus,3597430,
stylus,321131,
stylus,895899,
stylus,895818,
stylus,20665,
stylus,895822,
stylus,873329,
stylus,3597428,
stylus,19815,
stylus,98882,
stylus,3597434,
stylus,69684,
stylus,873519,
stylus,20671,
stylus,64566,
stylus,69692,
stylus,24344,
stylus,24345,
stylus,69678,
stylus,20761,
stylus,873361,
stylus,662621,
stylus,874717,
stylus,20847,
stylus,638963,
brother tn-2110 toner,1365844,
nespresso vertuo,77124009,
ssd,3458217,
ssd,1533065,
ssd,3323778,
ssd,1128674,
ssd,1128675,
ssd,1261806,
ssd,79583168,
ssd,77146845,
ssd,77125614,
ssd,3536079,
ssd,4566950,
ssd,4565841,
ssd,1713612,
ssd,77389706,
ssd,2935861,
ssd,77389730,
ssd,77389727,
ssd,77748778,
ssd,77466399,
ssd,77466397,
ssd,77466396,
ssd,77741524,
ssd,77748773,
ssd,77125615,
ssd,77025435,
ssd,77125616,
ssd,77164965,
ssd,77194926,
ssd,77489235,
ssd,78537389,
ssd,3659753,
ssd,3958007,
ssd,77679322,
ssd,77679326,
ssd,77383765,
ssd,77741513,
ssd,79087876,
ssd,77081155,
ssd,79283758,
ssd,79054501,
ps4,77462820,
ps4,77459581,
ps4,78690828,
ps4,78511057,
ps4,78826421,
ps4,77192151,
ps4,77192150,
iphone,78872377,
iphone,78872369,
iphone,78872349,
iphone,78872364,
iphone,78872339,
iphone,3591851,
iphone,4597426,
iphone,4597445,
iphone,3537784,
iphone,1648546,
iphone,3797306,
iphone,2048598,
iphone,4606045,
iphone,1658768,
iphone,2048562,
iphone,3613408,
iphone,2048544,
iphone,2048590,
iphone,1857711,
iphone,3658055,
iphone,3782115,
iphone,2103368,
iphone,3842754,
iphone,79524888,
iphone,4597404,
iphone,3860659,
iphone,3782112,
iphone,2119616,
iphone,3931197,
iphone,3924007,
iphone,3714768,
iphone,3879281,
iphone,4597411,
iphone,3639915,
iphone,78681243,
iphone,78681240,
iphone,78805348,
iphone,78860414,
tv,3484744,
tv,79064332,
tv,79064331,
tv,79064330,
tv,77386684,
tv,3340102,
tv,1540007,
tv,2054249,
tv,1946149,
tv,78322818,
tv,349642,
tv,4548297,
tv,2103399,
tv,4140172,
tv,3946844,
tv,4142608,
tv,3997983,
tv,3946841,
tv,474737,
tv,3997994,
tv,463092,
tv,4140173,
tv,3997987,
tv,3993695,
tv,2806049,
tv,2806068,
tv,3998012,
tv,3997996,
tv,3997995,
tv,3915822,
tv,3891942,
tv,500583,
tv,701920,
tv,3714767,
tv,886887,
tv,474739,
tv,94305,
tv,78684829,
tv,94328,
tv,2679042,
iphone 7,78872377,
iphone 7,78872339,
iphone 7,78872369,
iphone 7,78872349,
iphone 7,78872364,
iphone x,3591851,
iphone x,3537784,
iphone x,4597426,
iphone x,4597445,
iphone x,3782115,
iphone x,3714768,
iphone x,2119616,
iphone x,3931197,
iphone x,3924007,
iphone x,3879281,
iphone x,78681243,
iphone x,78681240,
iphone x,78805348,
iphone x,78860414,
bluetooth headphones,490765,
bluetooth headphones,1578266,
bluetooth headphones,465394,
bluetooth headphones,560439,
bluetooth headphones,653662,
bluetooth headphones,682877,
bluetooth headphones,1311676,
bluetooth headphones,1311675,
bluetooth headphones,1368280,
bluetooth headphones,1352743,
bluetooth headphones,1905214,
bluetooth headphones,1709725,
bluetooth headphones,560348,
bluetooth headphones,1893702,
bluetooth headphones,1854169,
bluetooth headphones,3542361,
bluetooth headphones,1710197,
bluetooth headphones,3696065,
bluetooth headphones,2053354,
bluetooth headphones,3521171,
bluetooth headphones,1794225,
bluetooth headphones,1960604,
bluetooth headphones,1576193,
bluetooth headphones,2058831,
bluetooth headphones,2977787,
bluetooth headphones,2170998,
bluetooth headphones,2047224,
bluetooth headphones,4547381,
bluetooth headphones,1350917,
bluetooth headphones,1240679,
bluetooth headphones,3334324,
bluetooth headphones,1772835,
bluetooth headphones,1710195,
bluetooth headphones,1983720,
bluetooth headphones,3663075,
bluetooth headphones,2047195,
bluetooth headphones,1993294,
bluetooth headphones,1865389,
bluetooth headphones,3081266,
bluetooth headphones,1716100,
samsung,77522648,
samsung,79526323,
samsung,79526326,
samsung,77798557,
samsung,4013793,
samsung,460241,
samsung,77498146,
samsung,77675077,
samsung,1647894,
samsung,818842,
samsung,1278163,
samsung,77500157,
samsung,2141128,
samsung,77500156,
samsung,4140553,
samsung,1590324,
samsung,1562782,
samsung,1647897,
samsung,254129,
samsung,1309974,
samsung,1309973,
samsung,77941197,
samsung,77941209,
samsung,77657416,
samsung,77941207,
samsung,77944553,
samsung,1647901,
samsung,1647895,
samsung,465099,
samsung,254136,
samsung,254134,
samsung,77941157,
samsung,77143743,
samsung,77941190,
samsung,77669843,
samsung,3951094,
samsung,465098,
samsung,465100,
samsung,77941161,
samsung,79062980,
iphone 8,78872369,
iphone 8,78872349,
iphone 8,78872364,
iphone 8,78872377,
iphone 8,78872339,
iphone 8,3537784,
iphone 8,78681240,
iphone 8,78681243,
iphone 8,4597411,
iphone 8,78805348,
iphone 8,78860414,
iphone xr,79524888,
iphone xr,78681243,
iphone xr,78681240,
iphone xr,78805348,
iphone xr,78860414,
mouse,1659892,
mouse,1405078,
mouse,1659451,
mouse,3459844,
mouse,91889,
mouse,2663204,
mouse,458331,
mouse,52379,
mouse,279860,
mouse,4261066,
mouse,3676831,
mouse,695844,
mouse,1661481,
mouse,282385,
mouse,3929210,
mouse,648718,
mouse,4703509,
mouse,39726,
mouse,78685552,
mouse,3484704,
mouse,78685544,
mouse,480649,
mouse,4142253,
mouse,441710,
mouse,803013,
mouse,332371,
mouse,87115,
mouse,122442,
mouse,694058,
mouse,1929829,
mouse,4148063,
mouse,3014450,
mouse,120351,
mouse,3484710,
mouse,1938384,
mouse,3484708,
mouse,3676830,
mouse,558184,
mouse,3466442,
mouse,3551757,
micro sd card,1993435,
micro sd card,78299385,
micro sd card,78299397,
micro sd card,78299395,
micro sd card,78299383,
micro sd card,4548300,
micro sd card,77065748,
micro sd card,2122899,
micro sd card,3543600,
micro sd card,1311816,
smart watch,130423,
smartphone,3429708,
smartphone,4016929,
smartphone,49754,
smartphone,1311581,
smartphone,635058,
smartphone,77943598,
smartphone,2103368,
smartphone,79251889,
smartphone,79526323,
smartphone,79526326,
smartphone,3782115,
smartphone,77756580,
smartphone,79283755,
smartphone,79283756,
smartphone,78860414,
external hard drive,2337746,
external hard drive,4500878,
external hard drive,2098202,
external hard drive,2337750,
external hard drive,4018906,
external hard drive,1805780,
external hard drive,2337742,
external hard drive,1654309,
external hard drive,1128971,
external hard drive,3849586,
external hard drive,509306,
external hard drive,3435390,
external hard drive,4195380,
external hard drive,4674069,
external hard drive,1231459,
external hard drive,1413527,
external hard drive,2337711,
external hard drive,3595485,
external hard drive,2321434,
external hard drive,79583168,
external hard drive,886495,
external hard drive,4071038,
external hard drive,1533064,
external hard drive,2170998,
external hard drive,1459681,
external hard drive,2060356,
external hard drive,4609666,
external hard drive,3796068,
external hard drive,3475135,
external hard drive,1200659,
external hard drive,517033,
external hard drive,1985114,
external hard drive,513837,
chromebook,79165007,
chromebook,79013604,
chromebook,79353778,
chromebook,77477470,
chromebook,77477474,
chromebook,79013606,
chromebook,79353781,
chromebook,78269751,
chromebook,77263650,
chromebook,77263700,
chromebook,79013605,
chromebook,77263695,
chromebook,77757344,
huawei,77145616,
huawei,79524877,
huawei,4150377,
huawei,77500501,
huawei,77856452,
huawei,78531938,
huawei,77384264,
huawei,77856453,
huawei,78586548,
huawei,78586712,
huawei,78712152,
huawei,78586644,
huawei,79284190,
huawei,79283963,
huawei,77384277,
huawei,78712245,
huawei,78712239,
huawei,77708520,
huawei,77708521,
huawei,77856450,
huawei,77856454,
huawei,77856451,
huawei,77262835,
shoes,77854850,
shoes,77854858,
shoes,77127846,
shoes,77129498,
shoes,77129594,
shoes,77130250,
shoes,77129609,
shoes,77132911,
backpack,2327777,
backpack,77290333,
backpack,1178342,
backpack,77189072,
backpack,77380633,
backpack,77290300,
backpack,3610690,
backpack,664467,
backpack,77868238,
backpack,1265414,
backpack,78106865,
backpack,77290337,
backpack,95726,
backpack,3364636,
backpack,79358203,
backpack,1178546,
backpack,324221,
backpack,254830,
backpack,128957,
backpack,2707549,
backpack,271526,
backpack,2922390,
backpack,1178667,
backpack,673561,
backpack,1647350,
backpack,1418564,
backpack,1377488,
backpack,77868260,
backpack,78314451,
backpack,664468,
backpack,476200,
backpack,3539039,
backpack,77193731,
backpack,77193727,
backpack,4567968,
backpack,343334,
backpack,77105943,
backpack,43201,
backpack,78314436,
backpack,74200,
playstation 4,77122361,
playstation 4,77148781,
playstation 4,78511057,
playstation 4,78690828,
playstation 4,78826421,
playstation 4,77459581,
playstation 4,77108032,
earbuds,3663889,
smartwatch,77856472,
smartwatch,78432925,
smartwatch,79550421,
smartwatch,77382335,
smartwatch,78586548,
smartwatch,78586712,
smartwatch,78712152,
smartwatch,79547855,
smartwatch,78586644,
smartwatch,79550429,
smartwatch,77382280,
smartwatch,77773285,
notebook,2274095,
notebook,639328,
notebook,1113175,
notebook,120239,
notebook,1178511,
notebook,4204999,
notebook,2977883,
notebook,2684109,
notebook,1681635,
notebook,3718468,
notebook,1638230,
notebook,1178339,
notebook,1178667,
notebook,1686261,
notebook,3669757,
notebook,1568502,
notebook,1690848,
notebook,4204584,
notebook,576075,
notebook,854876,
notebook,3324300,
notebook,1690843,
notebook,4707930,
notebook,1459227,
notebook,274603,
notebook,1665422,
notebook,883318,
notebook,4204487,
notebook,2101948,
notebook,2304022,
notebook,292713,
notebook,1760222,
notebook,1438185,
notebook,321027,
notebook,1383214,
notebook,877072,
notebook,923739,
notebook,1861851,
notebook,2111692,
notebook,3885201,
iphone 11,78805348,
iphone 11,78860414,
power bank,77522662,
power bank,78314291,
power bank,78314303,
power bank,78849451,
xbox one,77388652,
xbox one,77192150,
xbox one,77192151,
wireless mouse,2655019,
wireless mouse,2409472,
wireless mouse,1429222,
wireless mouse,1595942,
wireless mouse,1749095,
wireless mouse,3931620,
wireless mouse,2675001,
wireless mouse,644409,
wireless mouse,4703509,
wireless mouse,480649,
wireless mouse,2663242,
wireless mouse,2704878,
wireless mouse,3484708,
wireless mouse,4148063,
wireless mouse,1938384,
wireless mouse,3014450,
wireless mouse,3484710,
wireless mouse,120351,
wireless mouse,3466442,
wireless mouse,3551757,
wireless mouse,3539729,
wireless mouse,799049,
wireless mouse,3149231,
wireless mouse,3676828,
wireless mouse,2789472,
wireless mouse,4141497,
wireless mouse,1488755,
wireless mouse,2096357,
wireless mouse,4004602,
wireless mouse,2789471,
wireless mouse,1724642,
wireless mouse,2152547,
wireless mouse,1751593,
wireless mouse,3328037,
wireless mouse,77388170,
wireless mouse,77679917,
wireless mouse,77679919,
wireless mouse,77573513,
wireless mouse,78827894,
wireless mouse,77631910,
gaming pc,880923,
gaming pc,4312696,
gaming pc,448154,
gaming pc,79067583,
gaming pc,79262926,
gaming pc,1314304,
gaming pc,79286419,
gaming pc,78533616,
gaming pc,79286434,
gaming pc,79283758,
gaming pc,79070558,
gaming pc,77947270,
gaming pc,79325235,
desk,1436279,
desk,1637716,
desk,2007192,
desk,1351682,
desk,1678981,
desk,1352217,
desk,1352221,
desk,2007191,
desk,3851058,
desk,3851062,
desk,1637817,
desk,1352220,
desk,1352219,
desk,4004544,
desk,1686926,
desk,1687279,
desk,1438990,
desk,281720,
desk,266260,
desk,94365,
desk,4017128,
desk,94341,
desk,1456467,
desk,1648002,
desk,1974762,
desk,4017125,
desk,94342,
desk,3554479,
desk,94308,
desk,4702156,
desk,4702155,
desk,4699150,
desk,4700313,
desk,94298,
desk,266089,
desk,122407,
desk,3441957,
desk,1777559,
desk,1437802,
desk,1777423,
gaming laptop,448154,
earphones,286736,
earphones,545598,
earphones,461593,
earphones,254180,
wireless headphones,1232629,
wireless headphones,463766,
wireless headphones,465229,
wireless headphones,3954020,
wireless headphones,474723,
wireless headphones,2115615,
wireless headphones,1578266,
wireless headphones,357403,
wireless headphones,560348,
wireless headphones,465394,
wireless headphones,1368280,
wireless headphones,682877,
wireless headphones,1854169,
wireless headphones,560439,
wireless headphones,916496,
wireless headphones,1250837,
wireless headphones,1576193,
wireless headphones,3706383,
wireless headphones,4547381,
wireless headphones,1367957,
wireless headphones,3663075,
wireless headphones,1716100,
wireless headphones,1865389,
wireless headphones,2170998,
wireless headphones,1311675,
wireless headphones,1311676,
wireless headphones,1352743,
wireless headphones,3802249,
wireless headphones,4595040,
wireless headphones,1350917,
wireless headphones,1240679,
wireless headphones,4012094,
wireless headphones,4609666,
wireless headphones,4564776,
wireless headphones,678979,
books,77499176,
books,77499175,
books,79343891,
books,79343895,
books,3149212,
books,4195498,
books,147320,
books,147323,
books,147338,
books,147339,
books,147319,
books,147340,
books,147337,
books,4195504,
books,4142669,
books,79062980,
books,831063,
books,1311860,
books,1590676,
nintendo switch games,78332962,
sd card,1625640,
sd card,50102,
sd card,124981,
sd card,3962614,
sd card,78432354,
sd card,78432895,
sd card,78432894,
sd card,78432897,
sd card,1993435,
sd card,78432614,
sd card,78432351,
sd card,78432352,
sd card,78432353,
sd card,78432896,
sd card,3802022,
sd card,3802021,
sd card,888052,
sd card,4548300,
sd card,2103057,
sd card,3634166,
sd card,78299385,
sd card,1232753,
sd card,78299397,
sd card,78299395,
sd card,78299383,
sd card,2096452,
sd card,1232742,
sd card,78432266,
sd card,78432264,
sd card,78432269,
sd card,77943576,
sd card,1438988,
sd card,78988066,
sd card,78987877,
sd card,78987997,
sd card,78432612,
sd card,78432613,
sd card,78432617,
sd card,3543600,
sd card,78433141,
ps4 games,77459581,
ps4 games,78690828,
rtx 2060,78805119,
rtx 2060,77772883,
rtx 2060,77947270,
rtx 2060,78805127,
rtx 2060,79349277,
rtx 2060,79355407,
rtx 2060,77741524,
rtx 2060,79159932,
rtx 2060,79349279,
rtx 2060,79275871,
rtx 2060,79454464,
rtx 2060,79071654,
rtx 2060,79275393,
rtx 2060,79130500,
laptops,1229111,
laptops,2060476,
laptops,77026839,
laptops,77311847,
laptops,77026550,
laptops,1229110,
laptops,1599521,
laptops,77311846,
laptops,77311839,
laptops,1229109,
laptops,1229118,
laptops,1229120,
laptops,77026530,
laptops,1225502,
laptops,1229130,
laptops,1229119,
laptops,1751314,
laptops,619398,
laptops,2659461,
laptops,3956922,
laptops,2007047,
laptops,128957,
laptops,1751315,
laptops,4065838,
laptops,254830,
laptops,1952726,
laptops,1418540,
laptops,95726,
laptops,1178340,
laptops,3332203,
laptops,3270236,
laptops,3435308,
laptops,2112555,
laptops,13166,
laptops,1600501,
laptops,1418539,
laptops,1178662,
laptops,3024623,
laptops,799525,
laptops,4607401,
ipad pro,79552511,
ipad pro,79525063,
ipad pro,78682441,
ipad pro,77311852,
ipad pro,79165007,
ipad pro,77311851,
ps4 pro,77462820,
ps4 pro,78511057,
the boys,77192093,
the boys,78685051,
the boys,78690938,
the boys,77183128,
the boys,77183126,
the boys,79013625,
the boys,79013905,
the boys,79013677,
the boys,78690927,
the boys,78690933,
the boys,78690942,
the boys,77681909,
the boys,77802855,
the boys,77481020,
the boys,77183652,
the boys,79013690,
the boys,77499190,
the boys,77682502,
the boys,78799183,
the boys,78799182,
the boys,77680505,
the boys,3436175,
the boys,3521635,
windows 10,3445450,
windows 10,3484704,
windows 10,3596297,
windows 10,3458944,
windows 10,3484710,
windows 10,3484708,
windows 10,2125426,
windows 10,2286522,
windows 10,549589,
windows 10,918843,
windows 10,543839,
windows 10,918847,
windows 10,513034,
windows 10,77384911,
windows 10,1653757,
windows 10,1948451,
windows 10,2095470,
windows 10,513035,
windows 10,77192163,
windows 10,77192154,
windows 10,643044,
windows 10,77192161,
windows 10,77192162,
windows 10,79344035,
windows 10,893825,
windows 10,79583168,
windows 10,78297400,
windows 10,79583170,
windows 10,1750035,
windows 10,77943584,
windows 10,695163,
windows 10,540780,
windows 10,1752458,
windows 10,344116,
windows 10,1587509,
windows 10,77943592,
windows 10,77699539,
windows 10,879184,
windows 10,480376,
windows 10,1796789,
microwave,4020048,
bluetooth speakers,1993197,
bluetooth speakers,78503000,
bluetooth speakers,78502985,
bluetooth speakers,560439,
bluetooth speakers,653662,
bluetooth speakers,682877,
bluetooth speakers,1311816,
bluetooth speakers,465394,
bluetooth speakers,1311676,
bluetooth speakers,1311675,
bluetooth speakers,1368280,
bluetooth speakers,1352743,
bluetooth speakers,1905214,
bluetooth speakers,77264345,
bluetooth speakers,77264339,
bluetooth speakers,77264338,
bluetooth speakers,77502729,
bluetooth speakers,77151377,
bluetooth speakers,1709725,
bluetooth speakers,77031393,
bluetooth speakers,1893702,
bluetooth speakers,1854169,
bluetooth speakers,77681078,
bluetooth speakers,77696041,
bluetooth speakers,1710197,
bluetooth speakers,3696065,
bluetooth speakers,2058831,
bluetooth speakers,2170998,
bluetooth speakers,1350917,
bluetooth speakers,2053354,
bluetooth speakers,1240679,
bluetooth speakers,1794225,
bluetooth speakers,1960604,
bluetooth speakers,1576193,
bluetooth speakers,2977787,
bluetooth speakers,3334324,
bluetooth speakers,3542361,
bluetooth speakers,2047224,
bluetooth speakers,1710195,
bluetooth speakers,3521171,
coffee,1741814,
coffee,79583150,
coffee,2152922,
coffee,2164124,
coffee,899481,
coffee,916723,
coffee,1357989,
coffee,1996660,
coffee,474377,
coffee,3875518,
coffee,2115494,
coffee,4567448,
coffee,774749,
coffee,656359,
coffee,77385212,
coffee,79583158,
coffee,898577,
coffee,78302847,
coffee,2102472,
coffee,1745603,
coffee,78651357,
coffee,77124009,
coffee,489536,
coffee,77265396,
coffee,4146916,
coffee,717343,
coffee,77272705,
vans,811554,
vans,77183089,
vans,79013980,
vans,77183696,
vans,77183126,
vans,77184163,
vans,78773035,

